query,tags,Sentient_response,gpt5_response,grok4_response,pplx_response
$hype potential till bullrun,Macro & Narrative Context,"**Bottom‚Äëline:** Hyperliquid (HYPE) is trading around **$36‚ÄØ‚Äì‚ÄØ$38** with a modest upside to **$50‚ÄØ‚Äì‚ÄØ$70** if the next crypto bull‚Äërun materialises, driven by limited token unlocks, rising DeFi TVL, and growing institutional interest.  

---

### Market Overview <CitationGroup citations={[""src_24"",""src_23""]} />

| Metric | Value |
|--------|-------|
| Price (USD) | $36.36 |
| Circulating Supply | 270.8M HYPE |
| Total Supply | 999.8M HYPE |
| Approx. Market Cap* | $9.9B |
| 24h Change | ‚Äì5.8% |
| RSI (14) | 37.1 |

\*Market cap ‚âà price‚ÄØ√ó‚ÄØcirculating supply (derived from API data).  

---

### 1. Tokenomics & Unlock Schedule  

- **Current supply:** 270.8M circulating (‚âà27% of max) <Citation id=""src_23"" />.  
- **Future unlocks:** Linear vesting for Core Contributors releases ~0.65M tokens each month, next on **2025‚Äë11‚Äë29** (216.6K tokens) <Citation id=""src_23"" />.  
- **Untracked allocations** (Future Emissions, Hyper Foundation, Community Grants) represent **‚âà45%** of total supply, with no clear timetable, adding upside‚Äëdilution risk.  

**Implication:** The near‚Äëterm supply growth is modest, limiting immediate dilution and supporting price stability as the market approaches the next bull‚Äërun.

---

### 2. Technical Snapshot  

- **RSI 37** (neutral‚Äëto‚Äëoversold) suggests room for a short‚Äëterm bounce.  
- **24h volume** $579.96M (CoinGecko) indicates solid liquidity.  
- **Price trend:** Recent rebound to **$42** (AInvest) after a dip to **$35** (Xhibition) shows volatility but a potential upward bias if buyers hold above the 21‚Äëday SMA (~$52).  

**Key levels:**  
- **Support:** $34‚ÄØ‚Äì‚ÄØ$35  
- **Resistance:** $52‚ÄØ‚Äì‚ÄØ$60  
- **Bullish target:** $50‚ÄØ‚Äì‚ÄØ$70 (see price forecasts).  

---

### 3. Market Sentiment & Recent Catalysts  

- **DeFi TVL surge:** +4% to $2.15B (AInvest) fuels optimism for HYPE as the native token of a high‚Äëthroughput DEX.  
- **Institutional activity:** Large‚Äëscale buybacks ($645M) and staking incentives (HIP‚Äë3) reported by CoinMarketCap and Bitget signal growing institutional confidence. <Citation id=""src_5"" /> <Citation id=""src_6"" />  
- **Exchange listing:** OKX delayed HYPE listing to **Nov‚ÄØ4‚ÄØ2025** at $43.24, creating short‚Äëterm price pressure but also a potential liquidity boost once live. <Citation id=""src_13"" />  

Overall sentiment is **mixed‚Äëbullish**: strong on‚Äëchain activity and institutional moves counterbalanced by supply‚Äëuncertainty and recent price corrections.

---

### 4. Price Forecasts (2025‚Äë2026)  

| Source | Forecast Range (USD) | Outlook |
|--------|----------------------|---------|
| Coingape (min‚ÄØ$49‚ÄØ/‚ÄØmax‚ÄØ$55) | $49‚ÄØ‚Äì‚ÄØ$55 | Optimistic, assumes continued DeFi TVL growth. <Citation id=""src_1"" /> |
| Coinpedia (average‚ÄØ$38.3) | $30‚ÄØ‚Äì‚ÄØ$45 | Conservative, reflects current volatility. <Citation id=""src_2"" /> |
| TokenMetrics (2026 scenario) | $48‚ÄØ‚Äì‚ÄØ$70 | Bullish, ties price to broader crypto market cap expansion. <Citation id=""src_18"" /> |
| VentureBurn (high‚Äëend $248) | $200‚ÄØ+ | Very bullish, hinges on Hyperliquid capturing a large share of DEX volume. <Citation id=""src_17"" /> |
| CoinCodex (short‚Äëterm $31.74 target) | $31‚ÄØ‚Äì‚ÄØ$35 | Near‚Äëterm correction view. <Citation id=""src_8"" /> |

**Consensus:** Most analysts see a realistic upside to **$50‚ÄØ‚Äì‚ÄØ$70** before a major market rally, with a few outliers projecting extreme highs if Hyperliquid dominates the DEX space.

---

### 5. Bull‚ÄëRun Potential  

1. **Supply dynamics:** Limited near‚Äëterm unlocks keep dilution low, allowing price appreciation as market cap expands.  
2. **DeFi momentum:** Rising TVL and institutional buybacks provide a strong demand side.  
3. **Technical setup:** RSI below 40 and price hovering just under the 21‚Äëday SMA suggest a breakout could trigger a rapid move toward the $50‚Äë$60 resistance zone.  
4. **Macro backdrop:** If total crypto market cap grows 30‚Äë40% (as assumed in TokenMetrics scenarios), HYPE could realistically reach **$55‚Äë$70** by the next bull‚Äërun.  

**Risk factors:**  
- Large untracked token pools could be released unexpectedly.  
- Regulatory scrutiny on DeFi derivatives may dampen growth.  
- Price volatility remains high; a break below $34 could lead to a deeper correction toward $28.  

**Actionable take‚Äëaway:** Positioning a modest allocation (5‚Äë10% of a DeFi‚Äëfocused portfolio) at current levels offers upside to $50‚Äë$70 with limited downside if stop‚Äëlosses are set near $30‚Äë$34.

---

**What would you like to explore next?**  
- **Option‚ÄØ1:** A risk‚Äëadjusted entry and exit strategy for HYPE based on the technical levels above?  
- **Option‚ÄØ2:** A comparative upside analysis of HYPE versus other leading DeFi tokens (e.g., AAVE, UNI)?   <CitationGroup citations={[""src_5"",""src_6"",""src_7"",""src_8"",""src_10"",""src_11"",""src_12"",""src_14"",""src_15"",""src_16"",""src_20"",""src_21"",""src_22""]} /> ","Do you mean the token $HYPE? There are several with that ticker. Please share:
- Contract address and chain (e.g., Solana, Ethereum, BSC).
- Your timeframe when you say ‚Äútill bullrun‚Äù (through end of 2025? a specific date?).
- Your risk tolerance and rough position size.

With that, I‚Äôll pull live data (price/MC/liquidity, holder concentration, unlocks, listings, social traction) and give you scenario-based upside/downside into the bull phase. Not financial advice.","Based on recent web searches and discussions on platforms like X (formerly Twitter), it looks like you're asking about the potential of $HYPE (a cryptocurrency token, possibly tied to platforms like Hyperliquid or similar ecosystems) leading up to the anticipated 2025 crypto bull run. I'll break this down with some context from current market sentiment and expert predictions as of mid-November 2025. Keep in mind, crypto is highly volatile, and this isn't financial advice‚Äîalways do your own research and consider risks.

### Current Context on $HYPE
- **What is $HYPE?** From what I've gathered, $HYPE appears to be a token associated with decentralized platforms or NFT ecosystems (e.g., something like Hypurr NFTs or Hyperliquid-related projects). It's been gaining traction in niche communities for its utility in trading, points systems, and high-volume platforms.
- **Recent Hype and Sentiment:** Posts on X and crypto blogs highlight optimistic predictions for $HYPE in 2025. Some enthusiasts are forecasting massive growth, with price targets as high as $150 per token, potentially pushing it into the top 5 coins by market cap. This is driven by factors like:
  - High trading volume potential (e.g., platforms reaching $100B in daily volume).
  - NFT integrations, with related assets like Hypurr NFTs eyed for values over $500K.
  - Ongoing ""points seasons"" that could reward holders and build community engagement.
  These views come from crypto analysts and funds, but they're speculative‚ÄîX posts often reflect hype rather than guaranteed outcomes.

### Potential Until the Next Bull Run
The broader crypto market is buzzing about a 2025 bull run, potentially peaking in Q4 or extending into 2026, fueled by Bitcoin halvings, ETF inflows, institutional adoption, and clearer regulations. Here's how $HYPE fits into that narrative based on web analyses (e.g., from sources like VanEck, CoinDCX, and TokenMetrics):

- **Short-Term Hype Drivers (Now to End of 2025):**
  - **Market Cycles:** Experts predict Bitcoin could hit $180K‚Äì$250K, Ethereum $6K‚Äì$8K, and alts like Solana $500+. $HYPE is seen as a ""high-beta"" play (similar to Solana in past cycles), meaning it could amplify gains if the market surges. Some analyses suggest 4x‚Äì100x potential for alts with strong ecosystems.
  - **Institutional Interest:** With Grayscale and VanEck launching trusts/ETNs for similar assets (e.g., Sui, which has parallels), $HYPE could benefit from spillover demand. DeFi + AI integrations are a hot meta, and if $HYPE ties into that, it might see TVL (total value locked) explode.
  - **Presale and Community Buzz:** Recent presales in related sectors (like banking cryptos or Layer 2 tokens) are raising millions, with $HYPE-like projects noted for ""explosive"" ROI. X sentiment is bullish, with talks of it leading altcoin seasons alongside tokens like $SOL, $LINK, or even newcomers like BullZilla.
  - **Timeline:** Many forecasts point to a medium-term peak in Q1 2025, with new highs by Q4. If $HYPE builds on current momentum (e.g., reclaiming key price levels amid Bitcoin's stability above $100K), it could ride the wave.

- **Risks and Realistic Outlook:**
  - **Volatility:** Crypto markets have seen shakeouts (e.g., March reversal patterns in past cycles), and $HYPE could dip 10%+ below support levels (around current cost bases) before rallying.
  - **Not Guaranteed:** While some predict 1000x gains for select alts, these are often from enthusiastic sources. Regulatory clarity is improving, but global adoption isn't uniform‚Äîfactors like stablecoin volumes ($1.25T/month) and ETF inflows will play a big role.
  - **Comparisons:** It's being compared to ""the SOL of 2021"" due to ecosystem growth and funding, but remember, not every token explodes. Focus on fundamentals like real-world apps, blockchain adoption, and holder base.

If you're eyeing investments, sites like CoinDCX, TokenMetrics, or The Motley Fool have lists of top cryptos for 2025 (including alts with explosive potential). For $HYPE specifically, check platforms like Gate.io or community forums for the latest. Again, this is based on publicly available info‚Äîmarkets can change fast! If this isn't what you meant by ""$hype,"" feel free to clarify. üöÄ","The highest hype potential for cryptocurrencies until the next bull run in 2025 centers on large-cap leaders like Bitcoin and Ethereum, but also includes high-narrative projects in sectors like real world asset (RWA) tokenization, DeFi, meme coins, and emerging L2s.[1][2][3]

### Key Sectors Driving Hype

- **Bitcoin, Ethereum, Solana**: These remain anchors for the market, reinforced by strong institutional flows, regulation clarity, spot ETF narratives, and technological advancements.[4][5][6]
- **DeFi & Liquid Staking**: DeFi protocols (especially those innovating LST, restaking, and modularity) are gaining momentum again, and liquid staking is a recurring narrative into 2025, with projects like Sui and Hyperliquid (HYPE) attracting attention.[6][3][1]
- **RWAs and Tokenization**: The tokenization of off-chain assets (real estate, commodities, art) is crossing over from niche to mainstream, enabling fractional ownership and new liquidity engines.[2]
- **AI Integration**: Projects combining crypto with AI (like prediction markets, data automation) are receiving outsized investment and attention.[3][2]
- **Meme Coins and Launchpads**: Popcat (POPCAT), Peanut the Squirrel (PNUT), and BONK on Solana are driving speculative hype cycles, reacting strongly to social trends and influencer campaigns.[7]
- **Layer 2 Protocols**: Ethereum L2 solutions, modular blockchains, and high-throughput chains (Solana, Berachain, Ronin, SEI) are at the forefront due to scaling and unique ecosystems.[1]

### Top Hype Coins and Narratives

| Category        | Leading Coins/Narratives        | Hype Factors                                        |
|-----------------|-------------------------------|-----------------------------------------------------|
| Blue Chips      | Bitcoin (BTC), Ethereum (ETH) | ETF flows, halving supply shock, regulatory clarity[5][4][6] |
| High Throughput/Modularity | Solana (SOL), Berachain, Ronin, Sui | Low fees, gaming, DePIN, NFT economies[1][8] |
| DeFi Staking    | Sui, Hyperliquid (HYPE), SEI   | Restaking, LST, trading volumes, composability[6][1] |
| Meme Coins      | Popcat, PNUT, BONK             | Community hype, influencer boost, viral narratives[7][3] |
| RWA Tokenization| RWA, security tokens           | Institutional flows, TradFi bridges, fractionalization[2][3] |

### Near-Term Outlook and Timing

- Most experts anticipate the build-up phase to intensify through H1 2025, with parabolic growth triggered mid-to-late 2025 if historical Bitcoin halving cycles repeat, further amplified by macro factors like interest rates and adoption trends.[9][4][3]
- Altcoins, especially those tied to major narratives, tend to outperform once BTC and ETH gain momentum, but sharp corrections and scam risks also spike with increased FOMO.[9][7]

### Strategic Considerations

- Track Bitcoin dominance, trading volume spikes, and shifts in hot narratives to position ahead of major rally phases.[4][9]
- Diversification and risk management are crucial, as meme coins and narrative tokens can experience fast parabolic rallies but also abrupt declines.[7][9]

In summary, 2025‚Äôs highest hype potential will be concentrated around Bitcoin, Ethereum, Solana, meme coin ecosystems, real-world asset tokenization, and innovative DeFi/L2 platforms, all strongly influenced by macro conditions and cyclical bull run timing.[2][6][3][4][7]

[1](https://www.blockpit.io/blog/best-crypto)
[2](https://ecnexecution.com/crypto/key-narratives-in-the-2025-crypto-bull-market/)
[3](https://www.coingecko.com/learn/crypto-narratives)
[4](https://capitalxtend.com/forex-academy/cryptocurrency/crypto-bull-run-2025)
[5](https://indianexpress.com/article/trending/top-10-listing/top-10-most-valuable-cryptocurrencies-by-market-cap-in-2025-9987146/)
[6](https://zebpay.com/in/blog/top-10-cryptos-to-invest-in-2025)
[7](https://mudrex.com/learn/top-coins-1000x-potential-may-bull-run/)
[8](https://coinmarketcap.com/upcoming/)
[9](https://materialbitcoin.com/en/blog/bull-run-crypto/)
[10](https://www.perplexity.ai/finance/HYPEUSD)
[11](https://community.nasscom.in/communities/blockchain/5-altcoins-ready-dominate-2025-bull-run)
[12](https://www.perplexity.ai/finance/SAIL)
[13](https://www.perplexity.ai/finance/NOW)
[14](https://www.perplexity.ai/finance/SO)
[15](https://www.perplexity.ai/finance/AS)
[16](https://www.perplexity.ai/finance/COIN)
[17](https://www.perplexity.ai/finance/GOLD)
[18](https://www.perplexity.ai/finance/REAL)
[19](https://www.perplexity.ai/finance/A)
[20](https://www.perplexity.ai/finance/HAS)
[21](https://www.perplexity.ai/finance/DAY)
[22](https://www.perplexity.ai/finance/U)
[23](https://www.perplexity.ai/finance/ALL)
[24](https://www.perplexity.ai/finance/SUI)
[25](https://www.perplexity.ai/finance/KEY)
[26](https://www.perplexity.ai/finance/ON)
[27](https://www.perplexity.ai/finance/FAST)
[28](https://www.perplexity.ai/finance/IT)
[29](https://www.perplexity.ai/finance/BE)
[30](https://www.perplexity.ai/finance/X)
[31](https://www.perplexity.ai/finance/LOW)"